{
  "project_info": {
    "project_number": "683960582720",
    "project_id": "csc2005-team04",
    "storage_bucket": "csc2005-team04.appspot.com"
  },
  "client": [
    {
      "client_info": {
        "mobilesdk_app_id": "1:683960582720:android:1385c68b6de3245b0015a5",
        "android_client_info": {
          "package_name": "com.example.csc2005_team04"
        }
      },
      "oauth_client": [
        {
          "client_id": "683960582720-ffbg12id28b4bit9catres7ah920qu7u.apps.googleusercontent.com",
          "client_type": 3
        }
      ],
      "api_key": [
        {
          "current_key": "AIzaSyA6OILDCKsEazKQH6v5gVe8yLHjslYJJgE"
        }
      ],
      "services": {
        "appinvite_service": {
          "other_platform_oauth_client": [
            {
              "client_id": "683960582720-ffbg12id28b4bit9catres7ah920qu7u.apps.googleusercontent.com",
              "client_type": 3
            }
          ]
        }
      }
    }
  ],
  "configuration_version": "1"
}